{"cameraMode":{"drawMode":0,"name":"Shaded","section":"Shading Mode"},"sceneLighting":true,"audioPlay":false,"sceneViewState":{"m_AlwaysRefresh":false,"showFog":true,"showSkybox":true,"showFlares":true,"showImageEffects":true,"showParticleSystems":true,"showVisualEffectGraphs":true,"m_FxEnabled":true},"in2DMode":false,"pivot":{"x":-10.506965637207032,"y":1.9344342947006226,"z":-28.30842399597168},"rotation":{"x":-0.16287663578987122,"y":0.049406107515096667,"z":-0.008164308965206147,"w":-0.9853917956352234},"size":9.999977111816407,"orthographic":false}