{"cameraMode":{"drawMode":0,"name":"Shaded","section":"Shading Mode"},"sceneLighting":true,"audioPlay":false,"sceneViewState":{"m_AlwaysRefresh":false,"showFog":true,"showSkybox":true,"showFlares":true,"showImageEffects":true,"showParticleSystems":true,"showVisualEffectGraphs":true,"m_FxEnabled":true},"in2DMode":false,"pivot":{"x":-10.807475090026856,"y":0.7879213094711304,"z":-20.0047607421875},"rotation":{"x":-0.24613690376281739,"y":-0.06768850237131119,"z":0.017234081402420999,"w":-0.9667322635650635},"size":9.999977111816407,"orthographic":false}